Aaron Gordon,1
Al-Farouq Aminu,2
Andre Iguodala,7
Andre Roberson,1
Andrew Wiggins,3
Bojan Bogdanovic,7
Brandon Ingram,1
C.J. Miles,4
Caris LeVert,6
Carmelo Anthony,3
Chandler Parsons,11
Corey Brewer,11
Danilo Gallinari,7
Dante Cunningham,6
DeMarre Carroll,4
Derrick Jones,6
Doug McDermott,6
Evan Turner,12
Giannis Antetokounmpo,5
Glenn Robinson,6
Gordon Hayward,9
Jae Crowder,7
Jake Layman,11
James Ennis,6
Jarell Eddie,8
Jaylen Brown,6
Jerami Grant,6
Jimmy Butler,9
Joe Ingles,4
Joe Johnson,4
Justin Anderson,6
Justise Winslow,11
K.J. McDaniels,11
Kawhi Leonard,9
Kelly Oubre,6
Kent Bazemore,4
Kevin Durant,9
Khris Middleton,12
Kyle Singler,11
LeBron James,10
Luke Babbitt,11
Luol Deng,6
Marcus Morris,1
Mario Hezonja,11
Matt Barnes,2
Maurice Harkless,1
Michael Kidd-Gilchrist,1
Mike Dunleavy,11
Mindaugas Kuzminskas,6
Nicolas Brussino,11
Omri Casspi,6
Otto Porter,7
P.J. Tucker,4
Paul George,3
Paul Pierce,11
Paul Zipser,11
Reggie Bullock,11
Richard Jefferson,6
Robert Covington,4
Rondae Hollis-Jefferson,2
Rudy Gay,12
Sam Dekker,6
Shabazz Muhammad,6
Solomon Hill,4
Stanley Johnson,11
T.J. Warren,1
Taurean Waller-Prince,11
Terrence Ross,4
Thabo Sefolosha,4
Timothe Luwawu-Cabarrot,11
Trevor Ariza,7
Troy Williams,11
Tyreke Evans,12
Vince Carter,4
Wesley Johnson,11
Wilson Chandler,1
